Hostname,IP,Set,Stripe
lfscss010101,172.16.64.1,1,1
lfscss010102,172.16.64.2,1,2
lfscss010103,172.16.64.3,1,3
lfscss010104,172.16.64.4,1,4
lfscss010105,172.16.64.5,1,1
lfscss010106,172.16.64.6,1,2
lfscss010201,172.16.64.7,1,3
lfscss010202,172.16.64.8,1,4
lfscss010203,172.16.64.9,1,1
lfscss010204,172.16.64.10,1,2
lfscss010205,172.16.64.11,1,3
lfscss010206,172.16.64.12,1,4
lfscss010301,172.16.64.13,1,1
lfscss010302,172.16.64.14,1,2
lfscss010303,172.16.64.15,1,3
lfscss010304,172.16.64.16,1,4
lfscss010305,172.16.64.17,1,1
lfscss010306,172.16.64.18,1,2
lfscss010401,172.16.64.19,1,3
lfscss010402,172.16.64.20,1,4
lfscss010403,172.16.64.21,1,1
lfscss010404,172.16.64.22,1,2
lfscss010405,172.16.64.23,1,3
lfscss010406,172.16.64.24,1,4
lfscss011201,172.16.65.1,2,1
lfscss011202,172.16.65.2,2,2
lfscss011203,172.16.65.3,2,3
lfscss011204,172.16.65.4,2,4
lfscss011205,172.16.65.5,2,5
lfscss011206,172.16.65.6,3,1
lfscss011301,172.16.65.7,3,2
lfscss011302,172.16.65.8,3,3
lfscss011303,172.16.65.9,3,4
lfscss011304,172.16.65.10,3,5
lfscss011305,172.16.65.11,2,1
lfscss011306,172.16.65.12,2,2
lfscss011401,172.16.65.13,2,3
lfscss011402,172.16.65.14,2,4
lfscss011403,172.16.65.15,2,5
lfscss011404,172.16.65.16,3,1
lfscss011405,172.16.65.17,3,2
lfscss011406,172.16.65.18,3,3
lfscss011501,172.16.65.19,3,4
lfscss011502,172.16.65.20,3,5
lfscss011503,172.16.65.21,2,1
lfscss011504,172.16.65.22,2,2
lfscss011505,172.16.65.23,2,3
lfscss011506,172.16.65.24,2,4
lfscss011601,172.16.65.25,2,5
lfscss011602,172.16.65.26,3,1
lfscss011603,172.16.65.27,3,2
lfscss011604,172.16.65.28,3,3
lfscss011605,172.16.65.29,3,4
lfscss011606,172.16.65.30,3,5
lfscss011701,172.16.65.31,2,1
lfscss011702,172.16.65.32,2,2
lfscss011703,172.16.65.33,2,3
lfscss011704,172.16.65.34,2,4
lfscss011705,172.16.65.35,2,5
lfscss011706,172.16.65.36,3,1
lfscss011801,172.16.65.37,3,2
lfscss011802,172.16.65.38,3,3
lfscss011803,172.16.65.39,3,4
lfscss011804,172.16.65.40,3,5
lfscss011805,172.16.65.41,2,1
lfscss011806,172.16.65.42,2,2
lfscss011901,172.16.65.43,2,3
lfscss011902,172.16.65.44,2,4
lfscss011903,172.16.65.45,2,5
lfscss011904,172.16.65.46,3,1
lfscss011905,172.16.65.47,3,2
lfscss011906,172.16.65.48,3,3
lfscss012001,172.16.66.1,3,4
lfscss012002,172.16.66.2,3,5
lfscss012003,172.16.66.3,2,1
lfscss012004,172.16.66.4,2,2
lfscss012005,172.16.66.5,2,3
lfscss012006,172.16.66.6,2,4
lfscss012101,172.16.66.7,2,5
lfscss012102,172.16.66.8,3,1
lfscss012103,172.16.66.9,3,2
lfscss012104,172.16.66.10,3,3
lfscss012105,172.16.66.11,3,4
lfscss012106,172.16.66.12,3,5
lfscss020101,172.16.64.25,1,1
lfscss020102,172.16.64.26,1,2
lfscss020103,172.16.64.27,1,3
lfscss020104,172.16.64.28,1,4
lfscss020105,172.16.64.29,1,1
lfscss020106,172.16.64.30,1,2
lfscss020201,172.16.64.31,1,3
lfscss020202,172.16.64.32,1,4
lfscss020203,172.16.64.33,1,1
lfscss020204,172.16.64.34,1,2
lfscss020205,172.16.64.35,1,3
lfscss020206,172.16.64.36,1,4
lfscss020301,172.16.64.37,1,1
lfscss020302,172.16.64.38,1,2
lfscss020303,172.16.64.39,1,3
lfscss020304,172.16.64.40,1,4
lfscss020305,172.16.64.41,1,1
lfscss020306,172.16.64.42,1,2
lfscss020401,172.16.64.43,1,3
lfscss020402,172.16.64.44,1,4
lfscss020403,172.16.64.45,1,1
lfscss020404,172.16.64.46,1,2
lfscss020405,172.16.64.47,1,3
lfscss020406,172.16.64.48,1,4
lfscss021201,172.16.66.13,2,1
lfscss021202,172.16.66.14,2,2
lfscss021203,172.16.66.15,2,3
lfscss021204,172.16.66.16,2,4
lfscss021205,172.16.66.17,2,5
lfscss021206,172.16.66.18,3,1
lfscss021301,172.16.66.19,3,2
lfscss021302,172.16.66.20,3,3
lfscss021303,172.16.66.21,3,4
lfscss021304,172.16.66.22,3,5
lfscss021305,172.16.66.23,2,1
lfscss021306,172.16.66.24,2,2
lfscss021401,172.16.66.25,2,3
lfscss021402,172.16.66.26,2,4
lfscss021403,172.16.66.27,2,5
lfscss021404,172.16.66.28,3,1
lfscss021405,172.16.66.29,3,2
lfscss021406,172.16.66.30,3,3
lfscss021501,172.16.66.31,3,4
lfscss021502,172.16.66.32,3,5
lfscss021503,172.16.66.33,2,1
lfscss021504,172.16.66.34,2,2
lfscss021505,172.16.66.35,2,3
lfscss021506,172.16.66.36,2,4
lfscss021601,172.16.66.37,2,5
lfscss021602,172.16.66.38,3,1
lfscss021603,172.16.66.39,3,2
lfscss021604,172.16.66.40,3,3
lfscss021605,172.16.66.41,3,4
lfscss021606,172.16.66.42,3,5
lfscss021701,172.16.66.43,2,1
lfscss021702,172.16.66.44,2,2
lfscss021703,172.16.66.45,2,3
lfscss021704,172.16.66.46,2,4
lfscss021705,172.16.66.47,2,5
lfscss021706,172.16.66.48,3,1
lfscss021801,172.16.67.1,3,2
lfscss021802,172.16.67.2,3,3
lfscss021803,172.16.67.3,3,4
lfscss021804,172.16.67.4,3,5
lfscss021805,172.16.67.5,2,1
lfscss021806,172.16.67.6,2,2
lfscss021901,172.16.67.7,2,3
lfscss021902,172.16.67.8,2,4
lfscss021903,172.16.67.9,2,5
lfscss021904,172.16.67.10,3,1
lfscss021905,172.16.67.11,3,2
lfscss021906,172.16.67.12,3,3
lfscss022001,172.16.67.13,3,4
lfscss022002,172.16.67.14,3,5
lfscss022003,172.16.67.15,2,1
lfscss022004,172.16.67.16,2,2
lfscss022005,172.16.67.17,2,3
lfscss022006,172.16.67.18,2,4
lfscss022101,172.16.67.19,2,5
lfscss022102,172.16.67.20,3,1
lfscss022103,172.16.67.21,3,2
lfscss022104,172.16.67.22,3,3
lfscss022105,172.16.67.23,3,4
lfscss022106,172.16.67.24,3,5
lfscss031401,172.16.67.25,4,1
lfscss031402,172.16.67.26,4,2
lfscss031403,172.16.67.27,4,3
lfscss031404,172.16.67.28,4,4
lfscss031405,172.16.67.29,5,1
lfscss031406,172.16.67.30,5,2
lfscss031501,172.16.67.31,5,3
lfscss031502,172.16.67.32,5,4
lfscss031503,172.16.67.33,4,1
lfscss031504,172.16.67.34,4,2
lfscss031505,172.16.67.35,4,3
lfscss031506,172.16.67.36,4,4
lfscss031601,172.16.67.37,5,1
lfscss031602,172.16.67.38,5,2
lfscss031603,172.16.67.39,5,3
lfscss031604,172.16.67.40,5,4
lfscss031605,172.16.67.41,4,1
lfscss031606,172.16.67.42,4,2
lfscss031701,172.16.67.43,4,3
lfscss031702,172.16.67.44,4,4
lfscss031703,172.16.67.45,5,1
lfscss031704,172.16.67.46,5,2
lfscss031705,172.16.67.47,5,3
lfscss031706,172.16.67.48,5,4
lfscss031801,172.16.68.1,4,1
lfscss031802,172.16.68.2,4,2
lfscss031803,172.16.68.3,4,3
lfscss031804,172.16.68.4,4,4
lfscss031805,172.16.68.5,5,1
lfscss031806,172.16.68.6,5,2
lfscss031901,172.16.68.7,5,3
lfscss031902,172.16.68.8,5,4
lfscss031903,172.16.68.9,4,1
lfscss031904,172.16.68.10,4,2
lfscss031905,172.16.68.11,4,3
lfscss031906,172.16.68.12,4,4
lfscss032001,172.16.68.13,5,1
lfscss032002,172.16.68.14,5,2
lfscss032003,172.16.68.15,5,3
lfscss032004,172.16.68.16,5,4
lfscss032005,172.16.68.17,4,1
lfscss032006,172.16.68.18,4,2
lfscss032101,172.16.68.19,4,3
lfscss032102,172.16.68.20,4,4
lfscss032103,172.16.68.21,5,1
lfscss032104,172.16.68.22,5,2
lfscss032105,172.16.68.23,5,3
lfscss032106,172.16.68.24,5,4
lfscss041401,172.16.68.25,4,1
lfscss041402,172.16.68.26,4,2
lfscss041403,172.16.68.27,4,3
lfscss041404,172.16.68.28,4,4
lfscss041405,172.16.68.29,5,1
lfscss041406,172.16.68.30,5,2
lfscss041501,172.16.68.31,5,3
lfscss041502,172.16.68.32,5,4
lfscss041503,172.16.68.33,4,1
lfscss041504,172.16.68.34,4,2
lfscss041505,172.16.68.35,4,3
lfscss041506,172.16.68.36,4,4
lfscss041601,172.16.68.37,5,1
lfscss041602,172.16.68.38,5,2
lfscss041603,172.16.68.39,5,3
lfscss041604,172.16.68.40,5,4
lfscss041605,172.16.68.41,4,1
lfscss041606,172.16.68.42,4,2
lfscss041701,172.16.68.43,4,3
lfscss041702,172.16.68.44,4,4
lfscss041703,172.16.68.45,5,1
lfscss041704,172.16.68.46,5,2
lfscss041705,172.16.68.47,5,3
lfscss041706,172.16.68.48,5,4
lfscss041801,172.16.69.1,4,1
lfscss041802,172.16.69.2,4,2
lfscss041803,172.16.69.3,4,3
lfscss041804,172.16.69.4,4,4
lfscss041805,172.16.69.5,5,1
lfscss041806,172.16.69.6,5,2
lfscss041901,172.16.69.7,5,3
lfscss041902,172.16.69.8,5,4
lfscss041903,172.16.69.9,4,1
lfscss041904,172.16.69.10,4,2
lfscss041905,172.16.69.11,4,3
lfscss041906,172.16.69.12,4,4
lfscss042001,172.16.69.13,5,1
lfscss042002,172.16.69.14,5,2
lfscss042003,172.16.69.15,5,3
lfscss042004,172.16.69.16,5,4
lfscss042005,172.16.69.17,4,1
lfscss042006,172.16.69.18,4,2
lfscss042101,172.16.69.19,4,3
lfscss042102,172.16.69.20,4,4
lfscss042103,172.16.69.21,5,1
lfscss042104,172.16.69.22,5,2
lfscss042105,172.16.69.23,5,3
lfscss042106,172.16.69.24,5,4
tjscss010601,172.18.64.1,1,1
tjscss010602,172.18.64.2,1,2
tjscss010603,172.18.64.3,1,3
tjscss010604,172.18.64.4,1,4
tjscss010605,172.18.65.1,2,1
tjscss010606,172.18.65.2,2,2
tjscss010701,172.18.64.5,1,1
tjscss010702,172.18.64.6,1,2
tjscss010703,172.18.64.7,1,3
tjscss010704,172.18.64.8,1,4
tjscss010705,172.18.65.3,2,3
tjscss010706,172.18.65.4,2,4
tjscss010801,172.18.64.9,1,1
tjscss010802,172.18.64.10,1,2
tjscss010803,172.18.64.11,1,3
tjscss010804,172.18.64.12,1,4
tjscss010805,172.18.65.5,2,5
tjscss010806,172.18.65.6,3,1
tjscss010901,172.18.64.13,1,1
tjscss010902,172.18.64.14,1,2
tjscss010903,172.18.64.15,1,3
tjscss010904,172.18.64.16,1,4
tjscss010905,172.18.65.7,3,2
tjscss010906,172.18.65.8,3,3
tjscss011001,172.18.64.17,1,1
tjscss011002,172.18.64.18,1,2
tjscss011003,172.18.64.19,1,3
tjscss011004,172.18.64.20,1,4
tjscss011005,172.18.65.9,3,4
tjscss011006,172.18.65.10,3,5
tjscss011101,172.18.64.21,1,1
tjscss011102,172.18.64.22,1,2
tjscss011103,172.18.64.23,1,3
tjscss011104,172.18.64.24,1,4
tjscss011105,172.18.65.11,2,1
tjscss011106,172.18.65.12,2,2
tjscss011201,172.18.65.13,2,3
tjscss011202,172.18.65.14,2,4
tjscss011203,172.18.65.15,2,5
tjscss011204,172.18.65.16,3,1
tjscss011205,172.18.65.17,3,2
tjscss011206,172.18.65.18,3,3
tjscss011301,172.18.65.19,3,4
tjscss011302,172.18.65.20,3,5
tjscss011303,172.18.65.21,2,1
tjscss011304,172.18.65.22,2,2
tjscss011305,172.18.65.23,2,3
tjscss011306,172.18.65.24,2,4
tjscss011401,172.18.65.25,2,5
tjscss011402,172.18.65.26,3,1
tjscss011403,172.18.65.27,3,2
tjscss011404,172.18.65.28,3,3
tjscss011405,172.18.65.29,3,4
tjscss011406,172.18.65.30,3,5
tjscss011501,172.18.65.31,2,1
tjscss011502,172.18.65.32,2,2
tjscss011503,172.18.65.33,2,3
tjscss011504,172.18.65.34,2,4
tjscss011505,172.18.65.35,2,5
tjscss011506,172.18.65.36,3,1
tjscss011601,172.18.65.37,3,2
tjscss011602,172.18.65.38,3,3
tjscss011603,172.18.65.39,3,4
tjscss011604,172.18.65.40,3,5
tjscss011605,172.18.65.41,2,1
tjscss011606,172.18.65.42,2,2
tjscss011701,172.18.65.43,2,3
tjscss011702,172.18.65.44,2,4
tjscss011703,172.18.65.45,2,5
tjscss011704,172.18.65.46,3,1
tjscss011705,172.18.65.47,3,2
tjscss011706,172.18.65.48,3,3
tjscss020601,172.18.64.25,1,1
tjscss020602,172.18.64.26,1,2
tjscss020603,172.18.64.27,1,3
tjscss020604,172.18.64.28,1,4
tjscss020605,172.18.66.1,3,4
tjscss020606,172.18.66.2,3,5
tjscss020701,172.18.64.29,1,1
tjscss020702,172.18.64.30,1,2
tjscss020703,172.18.64.31,1,3
tjscss020704,172.18.64.32,1,4
tjscss020705,172.18.66.3,2,1
tjscss020706,172.18.66.4,2,2
tjscss020801,172.18.64.33,1,1
tjscss020802,172.18.64.34,1,2
tjscss020803,172.18.64.35,1,3
tjscss020804,172.18.64.36,1,4
tjscss020805,172.18.66.5,2,3
tjscss020806,172.18.66.6,2,4
tjscss020901,172.18.64.37,1,1
tjscss020902,172.18.64.38,1,2
tjscss020903,172.18.64.39,1,3
tjscss020904,172.18.64.40,1,4
tjscss020905,172.18.66.7,2,5
tjscss020906,172.18.66.8,3,1
tjscss021001,172.18.64.41,1,1
tjscss021002,172.18.64.42,1,2
tjscss021003,172.18.64.43,1,3
tjscss021004,172.18.64.44,1,4
tjscss021005,172.18.66.9,3,2
tjscss021006,172.18.66.10,3,3
tjscss021101,172.18.64.45,1,1
tjscss021102,172.18.64.46,1,2
tjscss021103,172.18.64.47,1,3
tjscss021104,172.18.64.48,1,4
tjscss021105,172.18.66.11,3,4
tjscss021106,172.18.66.12,3,5
tjscss021201,172.18.66.13,2,1
tjscss021202,172.18.66.14,2,2
tjscss021203,172.18.66.15,2,3
tjscss021204,172.18.66.16,2,4
tjscss021205,172.18.66.17,2,5
tjscss021206,172.18.66.18,3,1
tjscss021301,172.18.66.19,3,2
tjscss021302,172.18.66.20,3,3
tjscss021303,172.18.66.21,3,4
tjscss021304,172.18.66.22,3,5
tjscss021305,172.18.66.23,2,1
tjscss021306,172.18.66.24,2,2
tjscss021401,172.18.66.25,2,3
tjscss021402,172.18.66.26,2,4
tjscss021403,172.18.66.27,2,5
tjscss021404,172.18.66.28,3,1
tjscss021405,172.18.66.29,3,2
tjscss021406,172.18.66.30,3,3
tjscss021501,172.18.66.31,3,4
tjscss021502,172.18.66.32,3,5
tjscss021503,172.18.66.33,2,1
tjscss021504,172.18.66.34,2,2
tjscss021505,172.18.66.35,2,3
tjscss021506,172.18.66.36,2,4
tjscss021601,172.18.66.37,2,5
tjscss021602,172.18.66.38,3,1
tjscss021603,172.18.66.39,3,2
tjscss021604,172.18.66.40,3,3
tjscss021605,172.18.66.41,3,4
tjscss021606,172.18.66.42,3,5
tjscss021701,172.18.66.43,2,1
tjscss021702,172.18.66.44,2,2
tjscss021703,172.18.66.45,2,3
tjscss021704,172.18.66.46,2,4
tjscss021705,172.18.66.47,2,5
tjscss021706,172.18.66.48,3,1
tjscss030901,172.18.67.1,3,2
tjscss030902,172.18.67.2,3,3
tjscss030903,172.18.67.3,3,4
tjscss030904,172.18.67.4,3,5
tjscss030905,172.18.67.5,2,1
tjscss030906,172.18.67.6,2,2
tjscss031001,172.18.67.7,2,3
tjscss031002,172.18.67.8,2,4
tjscss031003,172.18.67.9,2,5
tjscss031004,172.18.67.10,3,1
tjscss031005,172.18.67.11,3,2
tjscss031006,172.18.67.12,3,3
tjscss031301,172.18.67.13,4,1
tjscss031302,172.18.67.14,4,2
tjscss031303,172.18.67.15,4,3
tjscss031304,172.18.67.16,4,4
tjscss031305,172.18.67.17,5,1
tjscss031306,172.18.67.18,5,2
tjscss031401,172.18.67.19,5,3
tjscss031402,172.18.67.20,5,4
tjscss031403,172.18.67.21,4,1
tjscss031404,172.18.67.22,4,2
tjscss031405,172.18.67.23,4,3
tjscss031406,172.18.67.24,4,4
tjscss031501,172.18.67.25,5,1
tjscss031502,172.18.67.26,5,2
tjscss031503,172.18.67.27,5,3
tjscss031504,172.18.67.28,5,4
tjscss031505,172.18.67.29,4,1
tjscss031506,172.18.67.30,4,2
tjscss031601,172.18.67.31,4,3
tjscss031602,172.18.67.32,4,4
tjscss031603,172.18.67.33,5,1
tjscss031604,172.18.67.34,5,2
tjscss031605,172.18.67.35,5,3
tjscss031606,172.18.67.36,5,4
tjscss031701,172.18.67.37,4,1
tjscss031702,172.18.67.38,4,2
tjscss031703,172.18.67.39,4,3
tjscss031704,172.18.67.40,4,4
tjscss031705,172.18.67.41,5,1
tjscss031706,172.18.67.42,5,2
tjscss041101,172.18.67.43,3,4
tjscss041102,172.18.67.44,3,5
tjscss041103,172.18.67.45,2,1
tjscss041104,172.18.67.46,2,2
tjscss041105,172.18.67.47,2,3
tjscss041106,172.18.67.48,2,4
tjscss041201,172.18.68.1,2,5
tjscss041202,172.18.68.2,3,1
tjscss041203,172.18.68.3,3,2
tjscss041204,172.18.68.4,3,3
tjscss041205,172.18.68.5,3,4
tjscss041206,172.18.68.6,3,5
tjscss041301,172.18.68.7,5,3
tjscss041302,172.18.68.8,5,4
tjscss041303,172.18.68.9,4,1
tjscss041304,172.18.68.10,4,2
tjscss041305,172.18.68.11,4,3
tjscss041306,172.18.68.12,4,4
tjscss041401,172.18.68.13,5,1
tjscss041402,172.18.68.14,5,2
tjscss041403,172.18.68.15,5,3
tjscss041404,172.18.68.16,5,4
tjscss041405,172.18.68.17,4,1
tjscss041406,172.18.68.18,4,2
tjscss041501,172.18.68.19,4,3
tjscss041502,172.18.68.20,4,4
tjscss041503,172.18.68.21,5,1
tjscss041504,172.18.68.22,5,2
tjscss041505,172.18.68.23,5,3
tjscss041506,172.18.68.24,5,4
tjscss041601,172.18.68.25,4,1
tjscss041602,172.18.68.26,4,2
tjscss041603,172.18.68.27,4,3
tjscss041604,172.18.68.28,4,4
tjscss041605,172.18.68.29,5,1
tjscss041606,172.18.68.30,5,2
tjscss041701,172.18.68.31,5,3
tjscss041702,172.18.68.32,5,4
tjscss041703,172.18.68.33,4,1
tjscss041704,172.18.68.34,4,2
tjscss041705,172.18.68.35,4,3
tjscss041706,172.18.68.36,4,4
tjscss051501,172.18.68.37,5,1
tjscss051502,172.18.68.38,5,2
tjscss051503,172.18.68.39,5,3
tjscss051504,172.18.68.40,5,4
tjscss051505,172.18.68.41,4,1
tjscss051506,172.18.68.42,4,2
tjscss051601,172.18.68.43,4,3
tjscss051602,172.18.68.44,4,4
tjscss051603,172.18.68.45,5,1
tjscss051604,172.18.68.46,5,2
tjscss051605,172.18.68.47,5,3
tjscss051606,172.18.68.48,5,4
tjscss051701,172.18.69.1,4,1
tjscss051702,172.18.69.2,4,2
tjscss051703,172.18.69.3,5,1
tjscss051704,172.18.69.4,4,3
tjscss051705,172.18.69.5,4,4
tjscss051706,172.18.69.6,5,2
tjscss061501,172.18.69.7,5,3
tjscss061502,172.18.69.8,5,4
tjscss061503,172.18.69.9,4,1
tjscss061504,172.18.69.10,4,2
tjscss061505,172.18.69.11,4,3
tjscss061506,172.18.69.12,4,4
tjscss061601,172.18.69.13,5,1
tjscss061602,172.18.69.14,5,2
tjscss061603,172.18.69.15,5,3
tjscss061604,172.18.69.16,5,4
tjscss061605,172.18.69.17,4,1
tjscss061606,172.18.69.18,4,2
tjscss061701,172.18.69.19,4,3
tjscss061702,172.18.69.20,4,4
tjscss061703,172.18.69.21,5,1
tjscss061704,172.18.69.22,5,2
tjscss061705,172.18.69.23,5,3
tjscss061706,172.18.69.24,5,4
tsscss010801,172.20.65.1,2,1
tsscss010802,172.20.65.2,2,2
tsscss010803,172.20.65.3,2,3
tsscss010804,172.20.65.4,2,4
tsscss010805,172.20.65.5,2,5
tsscss010806,172.20.65.6,3,1
tsscss010901,172.20.64.1,1,1
tsscss010902,172.20.64.2,1,2
tsscss010903,172.20.64.3,1,3
tsscss010904,172.20.64.4,1,4
tsscss010905,172.20.64.5,1,1
tsscss010906,172.20.64.6,1,2
tsscss011001,172.20.64.7,1,3
tsscss011002,172.20.64.8,1,4
tsscss011003,172.20.64.9,1,1
tsscss011004,172.20.64.10,1,2
tsscss011005,172.20.64.11,1,3
tsscss011006,172.20.64.12,1,4
tsscss011101,172.20.64.13,1,1
tsscss011102,172.20.64.14,1,2
tsscss011103,172.20.64.15,1,3
tsscss011104,172.20.64.16,1,4
tsscss011105,172.20.64.17,1,1
tsscss011106,172.20.64.18,1,2
tsscss011201,172.20.64.19,1,3
tsscss011202,172.20.64.20,1,4
tsscss011203,172.20.64.21,1,1
tsscss011204,172.20.64.22,1,2
tsscss011205,172.20.64.23,1,3
tsscss011206,172.20.64.24,1,4
tsscss011301,172.20.65.7,3,2
tsscss011302,172.20.65.8,3,3
tsscss011303,172.20.65.9,3,4
tsscss011304,172.20.65.10,3,5
tsscss011305,172.20.65.11,2,1
tsscss011306,172.20.65.12,2,2
tsscss011401,172.20.65.13,2,3
tsscss011402,172.20.65.14,2,4
tsscss011403,172.20.65.15,2,5
tsscss011404,172.20.65.16,3,1
tsscss011405,172.20.65.17,3,2
tsscss011406,172.20.65.18,3,3
tsscss011501,172.20.65.19,3,4
tsscss011502,172.20.65.20,3,5
tsscss011503,172.20.65.21,2,1
tsscss011504,172.20.65.22,2,2
tsscss011505,172.20.65.23,2,3
tsscss011506,172.20.65.24,2,4
tsscss011601,172.20.65.25,2,5
tsscss011602,172.20.65.26,3,1
tsscss011603,172.20.65.27,3,2
tsscss011604,172.20.65.28,3,3
tsscss011605,172.20.65.29,3,4
tsscss011606,172.20.65.30,3,5
tsscss011701,172.20.65.31,2,1
tsscss011702,172.20.65.32,2,2
tsscss011703,172.20.65.33,2,3
tsscss011704,172.20.65.34,2,4
tsscss011705,172.20.65.35,2,5
tsscss011706,172.20.65.36,3,1
tsscss011801,172.20.65.37,3,2
tsscss011802,172.20.65.38,3,3
tsscss011803,172.20.65.39,3,4
tsscss011804,172.20.65.40,3,5
tsscss011805,172.20.65.41,2,1
tsscss011806,172.20.65.42,2,2
tsscss020801,172.20.65.43,2,3
tsscss020802,172.20.65.44,2,4
tsscss020803,172.20.65.45,2,5
tsscss020804,172.20.65.46,3,1
tsscss020805,172.20.65.47,3,2
tsscss020806,172.20.65.48,3,3
tsscss020901,172.20.64.25,1,1
tsscss020902,172.20.64.26,1,2
tsscss020903,172.20.64.27,1,3
tsscss020904,172.20.64.28,1,4
tsscss020905,172.20.64.29,1,1
tsscss020906,172.20.64.30,1,2
tsscss021001,172.20.64.31,1,3
tsscss021002,172.20.64.32,1,4
tsscss021003,172.20.64.33,1,1
tsscss021004,172.20.64.34,1,2
tsscss021005,172.20.64.35,1,3
tsscss021006,172.20.64.36,1,4
tsscss021101,172.20.64.37,1,1
tsscss021102,172.20.64.38,1,2
tsscss021103,172.20.64.39,1,3
tsscss021104,172.20.64.40,1,4
tsscss021105,172.20.64.41,1,1
tsscss021106,172.20.64.42,1,2
tsscss021201,172.20.64.43,1,3
tsscss021202,172.20.64.44,1,4
tsscss021203,172.20.64.45,1,1
tsscss021204,172.20.64.46,1,2
tsscss021205,172.20.64.47,1,3
tsscss021206,172.20.64.48,1,4
tsscss021301,172.20.66.1,3,4
tsscss021302,172.20.66.2,3,5
tsscss021303,172.20.66.3,2,1
tsscss021304,172.20.66.4,2,2
tsscss021305,172.20.66.5,2,3
tsscss021306,172.20.66.6,2,4
tsscss021401,172.20.66.7,2,5
tsscss021402,172.20.66.8,3,1
tsscss021403,172.20.66.9,3,2
tsscss021404,172.20.66.10,3,3
tsscss021405,172.20.66.11,3,4
tsscss021406,172.20.66.12,3,5
tsscss021501,172.20.66.13,2,1
tsscss021502,172.20.66.14,2,2
tsscss021503,172.20.66.15,2,3
tsscss021504,172.20.66.16,2,4
tsscss021505,172.20.66.17,2,5
tsscss021506,172.20.66.18,3,1
tsscss021601,172.20.66.19,3,2
tsscss021602,172.20.66.20,3,3
tsscss021603,172.20.66.21,3,4
tsscss021604,172.20.66.22,3,5
tsscss021605,172.20.66.23,2,1
tsscss021606,172.20.66.24,2,2
tsscss021701,172.20.66.25,2,3
tsscss021702,172.20.66.26,2,4
tsscss021703,172.20.66.27,2,5
tsscss021704,172.20.66.28,3,1
tsscss021705,172.20.66.29,3,2
tsscss021706,172.20.66.30,3,3
tsscss021801,172.20.66.31,3,4
tsscss021802,172.20.66.32,3,5
tsscss021803,172.20.66.33,2,1
tsscss021804,172.20.66.34,2,2
tsscss021805,172.20.66.35,2,3
tsscss021806,172.20.66.36,2,4
tsscss030101,172.20.66.37,2,5
tsscss030102,172.20.66.38,3,1
tsscss030103,172.20.66.39,3,2
tsscss030104,172.20.66.40,3,3
tsscss030105,172.20.66.41,3,4
tsscss030106,172.20.66.42,3,5
tsscss030201,172.20.66.43,2,1
tsscss030202,172.20.66.44,2,2
tsscss030203,172.20.66.45,2,3
tsscss030204,172.20.66.46,2,4
tsscss030205,172.20.66.47,2,5
tsscss030206,172.20.66.48,3,1
tsscss030301,172.20.67.1,3,2
tsscss030302,172.20.67.2,3,3
tsscss030303,172.20.67.3,3,4
tsscss030304,172.20.67.4,3,5
tsscss030305,172.20.67.5,2,1
tsscss030306,172.20.67.6,2,2
tsscss030401,172.20.67.7,4,1
tsscss030402,172.20.67.8,4,2
tsscss030403,172.20.67.9,4,3
tsscss030404,172.20.67.10,4,4
tsscss030405,172.20.67.11,5,1
tsscss030406,172.20.67.12,5,2
tsscss030501,172.20.67.13,5,3
tsscss030502,172.20.67.14,5,4
tsscss030503,172.20.67.15,4,1
tsscss030504,172.20.67.16,4,2
tsscss030505,172.20.67.17,4,3
tsscss030506,172.20.67.18,4,4
tsscss030601,172.20.67.19,5,1
tsscss030602,172.20.67.20,5,2
tsscss030603,172.20.67.21,5,3
tsscss030604,172.20.67.22,5,4
tsscss030605,172.20.67.23,4,1
tsscss030606,172.20.67.24,4,2
tsscss030701,172.20.67.25,4,3
tsscss030702,172.20.67.26,4,4
tsscss030703,172.20.67.27,5,1
tsscss030704,172.20.67.28,5,2
tsscss030705,172.20.67.29,5,3
tsscss030706,172.20.67.30,5,4
tsscss030801,172.20.67.31,4,1
tsscss030802,172.20.67.32,4,2
tsscss030803,172.20.67.33,4,3
tsscss030804,172.20.67.34,4,4
tsscss030805,172.20.67.35,5,1
tsscss030806,172.20.67.36,5,2
tsscss030901,172.20.67.37,5,3
tsscss030902,172.20.67.38,5,4
tsscss030903,172.20.67.39,4,1
tsscss030904,172.20.67.40,4,2
tsscss030905,172.20.67.41,4,3
tsscss030906,172.20.67.42,4,4
tsscss031201,172.20.67.43,5,1
tsscss031202,172.20.67.44,5,2
tsscss031203,172.20.67.45,5,3
tsscss031204,172.20.67.46,5,4
tsscss031205,172.20.67.47,4,1
tsscss031206,172.20.67.48,4,2
tsscss031301,172.20.68.1,4,3
tsscss031302,172.20.68.2,4,4
tsscss031303,172.20.68.3,5,1
tsscss031304,172.20.68.4,5,2
tsscss031305,172.20.68.5,5,3
tsscss031306,172.20.68.6,5,4
tsscss040101,172.20.68.7,2,3
tsscss040102,172.20.68.8,2,4
tsscss040103,172.20.68.9,2,5
tsscss040104,172.20.68.10,3,1
tsscss040105,172.20.68.11,3,2
tsscss040106,172.20.68.12,3,3
tsscss040201,172.20.68.13,3,4
tsscss040202,172.20.68.14,3,5
tsscss040203,172.20.68.15,2,1
tsscss040204,172.20.68.16,2,2
tsscss040205,172.20.68.17,2,3
tsscss040206,172.20.68.18,2,4
tsscss040301,172.20.68.19,2,5
tsscss040302,172.20.68.20,3,1
tsscss040303,172.20.68.21,3,2
tsscss040304,172.20.68.22,3,3
tsscss040305,172.20.68.23,3,4
tsscss040306,172.20.68.24,3,5
tsscss040401,172.20.68.25,4,1
tsscss040402,172.20.68.26,4,2
tsscss040403,172.20.68.27,4,3
tsscss040404,172.20.68.28,4,4
tsscss040405,172.20.68.29,5,1
tsscss040406,172.20.68.30,5,2
tsscss040501,172.20.68.31,5,3
tsscss040502,172.20.68.32,5,4
tsscss040503,172.20.68.33,4,1
tsscss040504,172.20.68.34,4,2
tsscss040505,172.20.68.35,4,3
tsscss040506,172.20.68.36,4,4
tsscss040601,172.20.68.37,5,1
tsscss040602,172.20.68.38,5,2
tsscss040603,172.20.68.39,5,3
tsscss040604,172.20.68.40,5,4
tsscss040605,172.20.68.41,4,1
tsscss040606,172.20.68.42,4,2
tsscss040701,172.20.68.43,4,3
tsscss040702,172.20.68.44,4,4
tsscss040703,172.20.68.45,5,1
tsscss040704,172.20.68.46,5,2
tsscss040705,172.20.68.47,5,3
tsscss040706,172.20.68.48,5,4
tsscss040801,172.20.69.1,4,1
tsscss040802,172.20.69.2,4,2
tsscss040803,172.20.69.3,4,3
tsscss040804,172.20.69.4,4,4
tsscss040805,172.20.69.5,5,1
tsscss040806,172.20.69.6,5,2
tsscss040901,172.20.69.7,5,3
tsscss040902,172.20.69.8,5,4
tsscss040903,172.20.69.9,4,1
tsscss040904,172.20.69.10,4,2
tsscss040905,172.20.69.11,4,3
tsscss040906,172.20.69.12,4,4
tsscss041201,172.20.69.13,5,1
tsscss041202,172.20.69.14,5,2
tsscss041203,172.20.69.15,5,3
tsscss041204,172.20.69.16,5,4
tsscss041205,172.20.69.17,4,1
tsscss041206,172.20.69.18,4,2
tsscss041301,172.20.69.19,4,3
tsscss041302,172.20.69.20,4,4
tsscss041303,172.20.69.21,5,1
tsscss041304,172.20.69.22,5,2
tsscss041305,172.20.69.23,5,3
tsscss041306,172.20.69.24,5,4
lfscss031001,172.16.70.1,6,1
lfscss031002,172.16.70.2,6,2
lfscss031003,172.16.70.3,6,1
lfscss031004,172.16.70.4,6,2
lfscss031005,172.16.70.5,6,1
lfscss031006,172.16.70.6,6,2
lfscss031101,172.16.70.7,6,1
lfscss031102,172.16.70.8,6,2
lfscss031103,172.16.70.9,6,1
lfscss031104,172.16.70.10,6,2
lfscss031105,172.16.70.11,6,1
lfscss031106,172.16.70.12,6,2
lfscss041001,172.16.70.13,6,1
lfscss041002,172.16.70.14,6,2
lfscss041003,172.16.70.15,6,1
lfscss041004,172.16.70.16,6,2
lfscss041005,172.16.70.17,6,1
lfscss041006,172.16.70.18,6,2
lfscss041101,172.16.70.19,6,1
lfscss041102,172.16.70.20,6,2
lfscss041103,172.16.70.21,6,1
lfscss041104,172.16.70.22,6,2
lfscss041105,172.16.70.23,6,1
lfscss041106,172.16.70.24,6,2
tjscss051301,172.18.70.1,6,1
tjscss051302,172.18.70.2,6,2
tjscss051303,172.18.70.3,6,1
tjscss051304,172.18.70.4,6,2
tjscss051305,172.18.70.5,6,1
tjscss051306,172.18.70.6,6,2
tjscss051401,172.18.70.7,6,1
tjscss051402,172.18.70.8,6,2
tjscss051403,172.18.70.9,6,1
tjscss051404,172.18.70.10,6,2
tjscss051405,172.18.70.11,6,1
tjscss051406,172.18.70.12,6,2
tjscss061301,172.18.70.13,6,1
tjscss061302,172.18.70.14,6,2
tjscss061303,172.18.70.15,6,1
tjscss061304,172.18.70.16,6,2
tjscss061305,172.18.70.17,6,1
tjscss061306,172.18.70.18,6,2
tjscss061401,172.18.70.19,6,1
tjscss061402,172.18.70.20,6,2
tjscss061403,172.18.70.21,6,1
tjscss061404,172.18.70.22,6,2
tjscss061405,172.18.70.23,6,1
tjscss061406,172.18.70.24,6,2
tsscss031401,172.20.70.1,6,1
tsscss031402,172.20.70.2,6,2
tsscss031403,172.20.70.3,6,1
tsscss031404,172.20.70.4,6,2
tsscss031405,172.20.70.5,6,1
tsscss031406,172.20.70.6,6,2
tsscss031501,172.20.70.7,6,1
tsscss031502,172.20.70.8,6,2
tsscss031503,172.20.70.9,6,1
tsscss031504,172.20.70.10,6,2
tsscss031505,172.20.70.11,6,1
tsscss031506,172.20.70.12,6,2
tsscss041401,172.20.70.13,6,1
tsscss041402,172.20.70.14,6,2
tsscss041403,172.20.70.15,6,1
tsscss041404,172.20.70.16,6,2
tsscss041405,172.20.70.17,6,1
tsscss041406,172.20.70.18,6,2
tsscss041501,172.20.70.19,6,1
tsscss041502,172.20.70.20,6,2
tsscss041503,172.20.70.21,6,1
tsscss041504,172.20.70.22,6,2
tsscss041505,172.20.70.23,6,1
tsscss041506,172.20.70.24,6,2
lfscss111101,172.16.96.1,7,1
lfscss111205,172.16.96.11,7,1
lfscss111403,172.16.97.3,7,1
lfscss111601,172.16.97.13,7,1
lfscss111705,172.16.98.5,7,1
lfscss111903,172.16.98.15,7,1
lfscss121001,172.16.96.21,7,1
lfscss121105,172.16.96.31,7,1
lfscss121303,172.16.97.23,7,1
lfscss121501,172.16.97.33,7,1
lfscss121605,172.16.98.25,7,1
lfscss121803,172.16.98.35,7,1
tjscss050201,172.18.96.1,7,1
tjscss050305,172.18.96.11,7,1
tjscss050503,172.18.97.3,7,1
tjscss050701,172.18.97.13,7,1
tjscss050805,172.18.98.5,7,1
tjscss051003,172.18.98.15,7,1
tjscss051201,172.18.96.39,7,1
tjscss060205,172.18.96.25,7,1
tjscss060403,172.18.96.35,7,1
tjscss060601,172.18.97.27,7,1
tjscss060705,172.18.97.37,7,1
tjscss060903,172.18.98.29,7,1
tsscss031701,172.20.98.13,7,1
tsscss031805,172.20.98.19,7,1
tsscss041803,172.20.97.39,7,1
tsscss051001,172.20.96.7,7,1
tsscss051105,172.20.96.17,7,1
tsscss051303,172.20.97.9,7,1
tsscss051501,172.20.98.1,7,1
tsscss051605,172.20.98.11,7,1
tsscss061003,172.20.96.29,7,1
tsscss061201,172.20.97.21,7,1
tsscss061305,172.20.97.31,7,1
tsscss061503,172.20.98.23,7,1
lfscss111102,172.16.96.2,7,2
lfscss111206,172.16.96.12,7,2
lfscss111404,172.16.97.4,7,2
lfscss111602,172.16.97.14,7,2
lfscss111706,172.16.98.6,7,2
lfscss111904,172.16.98.16,7,2
lfscss121002,172.16.96.22,7,2
lfscss121106,172.16.96.32,7,2
lfscss121304,172.16.97.24,7,2
lfscss121502,172.16.97.34,7,2
lfscss121606,172.16.98.26,7,2
lfscss121804,172.16.98.36,7,2
tjscss050202,172.18.96.2,7,2
tjscss050306,172.18.96.12,7,2
tjscss050504,172.18.97.4,7,2
tjscss050702,172.18.97.14,7,2
tjscss050806,172.18.98.6,7,2
tjscss051004,172.18.98.16,7,2
tjscss051202,172.18.96.40,7,2
tjscss060206,172.18.96.26,7,2
tjscss060404,172.18.96.36,7,2
tjscss060602,172.18.97.28,7,2
tjscss060706,172.18.97.38,7,2
tjscss060904,172.18.98.30,7,2
tsscss031702,172.20.98.14,7,2
tsscss031806,172.20.98.20,7,2
tsscss041804,172.20.97.40,7,2
tsscss051002,172.20.96.8,7,2
tsscss051106,172.20.96.18,7,2
tsscss051304,172.20.97.10,7,2
tsscss051502,172.20.98.2,7,2
tsscss051606,172.20.98.12,7,2
tsscss061004,172.20.96.30,7,2
tsscss061202,172.20.97.22,7,2
tsscss061306,172.20.97.32,7,2
tsscss061504,172.20.98.24,7,2
lfscss111103,172.16.96.3,7,3
lfscss111301,172.16.96.13,7,3
lfscss111405,172.16.97.5,7,3
lfscss111603,172.16.97.15,7,3
lfscss111801,172.16.98.7,7,3
lfscss111905,172.16.98.17,7,3
lfscss121003,172.16.96.23,7,3
lfscss121201,172.16.96.33,7,3
lfscss121305,172.16.97.25,7,3
lfscss121503,172.16.97.35,7,3
lfscss121701,172.16.98.27,7,3
lfscss121805,172.16.98.37,7,3
tjscss050203,172.18.96.3,7,3
tjscss050401,172.18.96.13,7,3
tjscss050505,172.18.97.5,7,3
tjscss050703,172.18.97.15,7,3
tjscss050901,172.18.98.7,7,3
tjscss051005,172.18.98.17,7,3
tjscss051203,172.18.97.39,7,3
tjscss060301,172.18.96.27,7,3
tjscss060405,172.18.96.37,7,3
tjscss060603,172.18.97.29,7,3
tjscss060801,172.18.98.21,7,3
tjscss060905,172.18.98.31,7,3
tsscss031703,172.20.98.15,7,3
tsscss041701,172.20.98.33,7,3
tsscss041805,172.20.98.39,7,3
tsscss051003,172.20.96.9,7,3
tsscss051201,172.20.97.1,7,3
tsscss051305,172.20.97.11,7,3
tsscss051503,172.20.98.3,7,3
tsscss060901,172.20.96.21,7,3
tsscss061005,172.20.96.31,7,3
tsscss061203,172.20.97.23,7,3
tsscss061401,172.20.97.33,7,3
tsscss061505,172.20.98.25,7,3
lfscss111104,172.16.96.4,7,4
lfscss111302,172.16.96.14,7,4
lfscss111406,172.16.97.6,7,4
lfscss111604,172.16.97.16,7,4
lfscss111802,172.16.98.8,7,4
lfscss111906,172.16.98.18,7,4
lfscss121004,172.16.96.24,7,4
lfscss121202,172.16.96.34,7,4
lfscss121306,172.16.97.26,7,4
lfscss121504,172.16.97.36,7,4
lfscss121702,172.16.98.28,7,4
lfscss121806,172.16.98.38,7,4
tjscss050204,172.18.96.4,7,4
tjscss050402,172.18.96.14,7,4
tjscss050506,172.18.97.6,7,4
tjscss050704,172.18.97.16,7,4
tjscss050902,172.18.98.8,7,4
tjscss051006,172.18.98.18,7,4
tjscss051204,172.18.97.40,7,4
tjscss060302,172.18.96.28,7,4
tjscss060406,172.18.96.38,7,4
tjscss060604,172.18.97.30,7,4
tjscss060802,172.18.98.22,7,4
tjscss060906,172.18.98.32,7,4
tsscss031704,172.20.98.16,7,4
tsscss041702,172.20.98.34,7,4
tsscss041806,172.20.98.40,7,4
tsscss051004,172.20.96.10,7,4
tsscss051202,172.20.97.2,7,4
tsscss051306,172.20.97.12,7,4
tsscss051504,172.20.98.4,7,4
tsscss060902,172.20.96.22,7,4
tsscss061006,172.20.96.32,7,4
tsscss061204,172.20.97.24,7,4
tsscss061402,172.20.97.34,7,4
tsscss061506,172.20.98.26,7,4
lfscss111105,172.16.96.5,7,5
lfscss111303,172.16.96.15,7,5
lfscss111501,172.16.97.7,7,5
lfscss111605,172.16.97.17,7,5
lfscss111803,172.16.98.9,7,5
lfscss112001,172.16.96.19,7,5
lfscss121005,172.16.96.25,7,5
lfscss121203,172.16.96.35,7,5
lfscss121401,172.16.97.27,7,5
lfscss121505,172.16.97.37,7,5
lfscss121703,172.16.98.29,7,5
lfscss121901,172.16.96.39,7,5
tjscss050205,172.18.96.5,7,5
tjscss050403,172.18.96.15,7,5
tjscss050601,172.18.97.7,7,5
tjscss050705,172.18.97.17,7,5
tjscss050903,172.18.98.9,7,5
tjscss051101,172.18.96.19,7,5
tjscss051205,172.18.98.39,7,5
tjscss060303,172.18.96.29,7,5
tjscss060501,172.18.97.21,7,5
tjscss060605,172.18.97.31,7,5
tjscss060803,172.18.98.23,7,5
tjscss061001,172.18.98.33,7,5
tsscss031705,172.20.98.17,7,5
tsscss041703,172.20.98.35,7,5
tsscss050901,172.20.96.1,7,5
tsscss051005,172.20.96.11,7,5
tsscss051203,172.20.97.3,7,5
tsscss051401,172.20.97.13,7,5
tsscss051505,172.20.98.5,7,5
tsscss060903,172.20.96.23,7,5
tsscss061101,172.20.96.33,7,5
tsscss061205,172.20.97.25,7,5
tsscss061403,172.20.97.35,7,5
tsscss061601,172.20.98.27,7,5
lfscss111106,172.16.96.6,7,6
lfscss111304,172.16.96.16,7,6
lfscss111502,172.16.97.8,7,6
lfscss111606,172.16.97.18,7,6
lfscss111804,172.16.98.10,7,6
lfscss112002,172.16.96.20,7,6
lfscss121006,172.16.96.26,7,6
lfscss121204,172.16.96.36,7,6
lfscss121402,172.16.97.28,7,6
lfscss121506,172.16.97.38,7,6
lfscss121704,172.16.98.30,7,6
lfscss121902,172.16.96.40,7,6
tjscss050206,172.18.96.6,7,6
tjscss050404,172.18.96.16,7,6
tjscss050602,172.18.97.8,7,6
tjscss050706,172.18.97.18,7,6
tjscss050904,172.18.98.10,7,6
tjscss051102,172.18.96.20,7,6
tjscss051206,172.18.98.40,7,6
tjscss060304,172.18.96.30,7,6
tjscss060502,172.18.97.22,7,6
tjscss060606,172.18.97.32,7,6
tjscss060804,172.18.98.24,7,6
tjscss061002,172.18.98.34,7,6
tsscss031706,172.20.98.18,7,6
tsscss041704,172.20.98.36,7,6
tsscss050902,172.20.96.2,7,6
tsscss051006,172.20.96.12,7,6
tsscss051204,172.20.97.4,7,6
tsscss051402,172.20.97.14,7,6
tsscss051506,172.20.98.6,7,6
tsscss060904,172.20.96.24,7,6
tsscss061102,172.20.96.34,7,6
tsscss061206,172.20.97.26,7,6
tsscss061404,172.20.97.36,7,6
tsscss061602,172.20.98.28,7,6
lfscss111201,172.16.96.7,7,7
lfscss111305,172.16.96.17,7,7
lfscss111503,172.16.97.9,7,7
lfscss111701,172.16.98.1,7,7
lfscss111805,172.16.98.11,7,7
lfscss112003,172.16.97.19,7,7
lfscss121101,172.16.96.27,7,7
lfscss121205,172.16.96.37,7,7
lfscss121403,172.16.97.29,7,7
lfscss121601,172.16.98.21,7,7
lfscss121705,172.16.98.31,7,7
lfscss121903,172.16.97.39,7,7
tjscss050301,172.18.96.7,7,7
tjscss050405,172.18.96.17,7,7
tjscss050603,172.18.97.9,7,7
tjscss050801,172.18.98.1,7,7
tjscss050905,172.18.98.11,7,7
tjscss051103,172.18.97.19,7,7
tjscss060201,172.18.96.21,7,7
tjscss060305,172.18.96.31,7,7
tjscss060503,172.18.97.23,7,7
tjscss060701,172.18.97.33,7,7
tjscss060805,172.18.98.25,7,7
tjscss061003,172.18.98.35,7,7
tsscss031801,172.20.96.19,7,7
tsscss041705,172.20.98.37,7,7
tsscss050903,172.20.96.3,7,7
tsscss051101,172.20.96.13,7,7
tsscss051205,172.20.97.5,7,7
tsscss051403,172.20.97.15,7,7
tsscss051601,172.20.98.7,7,7
tsscss060905,172.20.96.25,7,7
tsscss061103,172.20.96.35,7,7
tsscss061301,172.20.97.27,7,7
tsscss061405,172.20.97.37,7,7
tsscss061603,172.20.98.29,7,7
lfscss111202,172.16.96.8,7,8
lfscss111306,172.16.96.18,7,8
lfscss111504,172.16.97.10,7,8
lfscss111702,172.16.98.2,7,8
lfscss111806,172.16.98.12,7,8
lfscss112004,172.16.97.20,7,8
lfscss121102,172.16.96.28,7,8
lfscss121206,172.16.96.38,7,8
lfscss121404,172.16.97.30,7,8
lfscss121602,172.16.98.22,7,8
lfscss121706,172.16.98.32,7,8
lfscss121904,172.16.97.40,7,8
tjscss050302,172.18.96.8,7,8
tjscss050406,172.18.96.18,7,8
tjscss050604,172.18.97.10,7,8
tjscss050802,172.18.98.2,7,8
tjscss050906,172.18.98.12,7,8
tjscss051104,172.18.97.20,7,8
tjscss060202,172.18.96.22,7,8
tjscss060306,172.18.96.32,7,8
tjscss060504,172.18.97.24,7,8
tjscss060702,172.18.97.34,7,8
tjscss060806,172.18.98.26,7,8
tjscss061004,172.18.98.36,7,8
tsscss031802,172.20.96.20,7,8
tsscss041706,172.20.98.38,7,8
tsscss050904,172.20.96.4,7,8
tsscss051102,172.20.96.14,7,8
tsscss051206,172.20.97.6,7,8
tsscss051404,172.20.97.16,7,8
tsscss051602,172.20.98.8,7,8
tsscss060906,172.20.96.26,7,8
tsscss061104,172.20.96.36,7,8
tsscss061302,172.20.97.28,7,8
tsscss061406,172.20.97.38,7,8
tsscss061604,172.20.98.30,7,8
lfscss111203,172.16.96.9,7,9
lfscss111401,172.16.97.1,7,9
lfscss111505,172.16.97.11,7,9
lfscss111703,172.16.98.3,7,9
lfscss111901,172.16.98.13,7,9
lfscss112005,172.16.98.19,7,9
lfscss121103,172.16.96.29,7,9
lfscss121301,172.16.97.21,7,9
lfscss121405,172.16.97.31,7,9
lfscss121603,172.16.98.23,7,9
lfscss121801,172.16.98.33,7,9
lfscss121905,172.16.98.39,7,9
tjscss050303,172.18.96.9,7,9
tjscss050501,172.18.97.1,7,9
tjscss050605,172.18.97.11,7,9
tjscss050803,172.18.98.3,7,9
tjscss051001,172.18.98.13,7,9
tjscss051105,172.18.98.19,7,9
tjscss060203,172.18.96.23,7,9
tjscss060401,172.18.96.33,7,9
tjscss060505,172.18.97.25,7,9
tjscss060703,172.18.97.35,7,9
tjscss060901,172.18.98.27,7,9
tjscss061005,172.18.98.37,7,9
tsscss031803,172.20.97.19,7,9
tsscss041801,172.20.96.39,7,9
tsscss050905,172.20.96.5,7,9
tsscss051103,172.20.96.15,7,9
tsscss051301,172.20.97.7,7,9
tsscss051405,172.20.97.17,7,9
tsscss051603,172.20.98.9,7,9
tsscss061001,172.20.96.27,7,9
tsscss061105,172.20.96.37,7,9
tsscss061303,172.20.97.29,7,9
tsscss061501,172.20.98.21,7,9
tsscss061605,172.20.98.31,7,9
lfscss111204,172.16.96.10,7,10
lfscss111402,172.16.97.2,7,10
lfscss111506,172.16.97.12,7,10
lfscss111704,172.16.98.4,7,10
lfscss111902,172.16.98.14,7,10
lfscss112006,172.16.98.20,7,10
lfscss121104,172.16.96.30,7,10
lfscss121302,172.16.97.22,7,10
lfscss121406,172.16.97.32,7,10
lfscss121604,172.16.98.24,7,10
lfscss121802,172.16.98.34,7,10
lfscss121906,172.16.98.40,7,10
tjscss050304,172.18.96.10,7,10
tjscss050502,172.18.97.2,7,10
tjscss050606,172.18.97.12,7,10
tjscss050804,172.18.98.4,7,10
tjscss051002,172.18.98.14,7,10
tjscss051106,172.18.98.20,7,10
tjscss060204,172.18.96.24,7,10
tjscss060402,172.18.96.34,7,10
tjscss060506,172.18.97.26,7,10
tjscss060704,172.18.97.36,7,10
tjscss060902,172.18.98.28,7,10
tjscss061006,172.18.98.38,7,10
tsscss031804,172.20.97.20,7,10
tsscss041802,172.20.96.40,7,10
tsscss050906,172.20.96.6,7,10
tsscss051104,172.20.96.16,7,10
tsscss051302,172.20.97.8,7,10
tsscss051406,172.20.97.18,7,10
tsscss051604,172.20.98.10,7,10
tsscss061002,172.20.96.28,7,10
tsscss061106,172.20.96.38,7,10
tsscss061304,172.20.97.30,7,10
tsscss061502,172.20.98.22,7,10
tsscss061606,172.20.98.32,7,10